﻿<?xml version="1.0" encoding="UTF-8" standalone="yes"?>
<addon id="metadata.artists.universal"
       name="Universal Artist Scraper"
       version="2.1.9"
       provider-name="Team XBMC">
  <requires>
    <import addon="xbmc.metadata" version="1.0"/>
    <import addon="metadata.common.last.fm" version="1.5.1"/>
    <import addon="metadata.common.allmusic.com" version="2.5.2"/>
    <import addon="metadata.common.musicbrainz.org" version="1.2.1"/>
    <import addon="metadata.common.htbackdrops.com" version="1.2.0"/>
    <import addon="metadata.common.fanart.tv" version="1.1.0"/>
    <import addon="metadata.common.theaudiodb.com" version="1.2.0"/>
  </requires>
  <extension point="xbmc.metadata.scraper.artists"
             language="en"
             library="artistuniversal.xml"/>
  <extension point="xbmc.addon.metadata">
    <summary lang="en">Universal Scraper for Artists</summary>
    <summary lang="zh">通用艺术家信息刮削器</summary>
    <description lang="en">This scraper collects information from the following supported sites: TheAudioDb.com, MusicBrainz, last.fm, and allmusic.com, while grabs artwork from: fanart.tv, htbackdrops.com, last.fm and allmusic.com. It can be set field by field that from which site you want that specific information.

The initial search is always done on MusicBrainz. In case allmusic link is not added on the MusicBrainz site fields from allmusic.com cannot be fetched (very easy to add those missing links though).</description>
    <description lang="zh">本刮削器支持从以下网站获取信息：TheAudioDb.com、MusicBrainz、last.fm和allmusic.com，并从以下网站获取艺术图片：fanart.tv、htbackdrops.com、last.fm和allmusic.com。你可以指定每一项内容的来源网站。

初始结果总是先从MusicBrainz获取，如果MusicBrainz网站未加入到allmusic的外部链接，则无法获取allmusic.com的信息（当然你能很容易地加入缺失的链接）。</description>
    <platform>all</platform>
  </extension>
</addon>
